datetime,y,client,close,price_am,price_pm
2010-07-01,17,0,0,-1,-1
2010-07-02,18,0,0,-1,-1
2010-07-03,20,0,0,-1,-1
2010-07-04,20,0,0,-1,-1
2010-07-05,14,0,0,-1,-1
2010-07-06,14,0,0,-1,-1
2010-07-07,4,0,0,-1,-1
2010-07-08,10,0,0,-1,-1
2010-07-09,12,0,0,-1,-1
2010-07-10,21,0,0,-1,-1
2010-07-11,15,0,0,-1,-1
2010-07-12,11,0,0,-1,-1
2010-07-13,8,0,0,-1,-1
2010-07-14,13,0,0,-1,-1
2010-07-15,8,0,0,-1,-1
2010-07-16,16,0,0,-1,-1
2010-07-17,23,0,0,-1,-1
2010-07-18,25,0,0,-1,-1
2010-07-19,18,0,0,-1,-1
2010-07-20,21,0,0,-1,-1
2010-07-21,9,0,0,-1,-1
2010-07-22,8,0,0,-1,-1
2010-07-23,12,0,0,-1,-1
2010-07-24,23,0,0,-1,-1
2010-07-25,18,0,0,-1,-1
2010-07-26,18,0,0,-1,-1
2010-07-27,14,0,0,-1,-1
2010-07-28,18,0,0,-1,-1
2010-07-29,19,0,0,-1,-1
2010-07-30,15,0,0,-1,-1
2010-07-31,18,0,0,-1,-1
2010-08-01,20,0,0,-1,-1
2010-08-02,17,0,0,-1,-1
2010-08-03,15,0,0,-1,-1
2010-08-04,14,0,0,-1,-1
2010-08-05,15,0,0,-1,-1
2010-08-06,17,0,0,-1,-1
2010-08-07,18,0,0,-1,-1
2010-08-08,20,0,0,-1,-1
2010-08-09,11,0,0,-1,-1
2010-08-10,13,0,0,-1,-1
2010-08-11,15,0,0,-1,-1
2010-08-12,15,0,0,-1,-1
2010-08-13,15,0,0,-1,-1
2010-08-14,18,0,0,-1,-1
2010-08-15,12,0,0,-1,-1
2010-08-16,18,0,0,-1,-1
2010-08-17,15,0,0,-1,-1
2010-08-18,0,0,0,-1,-1
2010-08-19,17,0,0,-1,-1
2010-08-20,15,0,0,-1,-1
2010-08-21,19,0,0,-1,-1
2010-08-22,18,0,0,-1,-1
2010-08-23,19,0,0,-1,-1
2010-08-24,11,0,0,-1,-1
2010-08-25,13,0,0,-1,-1
2010-08-26,20,0,0,-1,-1
2010-08-27,20,0,0,-1,-1
2010-08-28,27,0,0,-1,-1
2010-08-29,23,0,0,-1,-1
2010-08-30,24,0,0,-1,-1
2010-08-31,18,0,0,-1,-1
2010-09-01,19,0,0,-1,-1
2010-09-02,16,0,0,-1,-1
2010-09-03,13,0,0,-1,-1
2010-09-04,15,0,0,-1,-1
2010-09-05,21,0,0,-1,-1
2010-09-06,11,0,0,-1,-1
2010-09-07,19,0,0,-1,-1
2010-09-08,9,0,0,-1,-1
2010-09-09,4,0,0,-1,-1
2010-09-10,9,0,0,-1,-1
2010-09-11,13,0,0,-1,-1
2010-09-12,12,0,0,-1,-1
2010-09-13,11,0,0,-1,-1
2010-09-14,10,0,0,-1,-1
2010-09-15,14,0,0,-1,-1
2010-09-16,7,0,0,-1,-1
2010-09-17,19,0,0,-1,-1
2010-09-18,19,0,0,-1,-1
2010-09-19,13,0,0,-1,-1
2010-09-20,16,0,0,-1,-1
2010-09-21,18,0,0,-1,-1
2010-09-22,12,0,0,-1,-1
2010-09-23,32,0,0,-1,-1
2010-09-24,30,0,0,-1,-1
2010-09-25,24,0,0,-1,-1
2010-09-26,26,0,0,-1,-1
2010-09-27,17,0,0,-1,-1
2010-09-28,23,0,0,-1,-1
2010-09-29,15,0,0,-1,-1
2010-09-30,27,0,0,-1,-1
2010-10-01,24,0,0,-1,-1
2010-10-02,18,0,0,-1,-1
2010-10-03,16,0,0,-1,-1
2010-10-04,10,0,0,-1,-1
2010-10-05,13,0,0,-1,-1
2010-10-06,3,0,0,-1,-1
2010-10-07,7,0,0,-1,-1
2010-10-08,11,0,0,-1,-1
2010-10-09,17,0,0,-1,-1
2010-10-10,18,0,0,-1,-1
2010-10-11,7,0,0,-1,-1
2010-10-12,8,0,0,-1,-1
2010-10-13,8,0,0,-1,-1
2010-10-14,13,0,0,-1,-1
2010-10-15,9,0,0,-1,-1
2010-10-16,17,0,0,-1,-1
2010-10-17,12,0,0,-1,-1
2010-10-18,11,0,0,-1,-1
2010-10-19,6,0,0,-1,-1
2010-10-20,12,0,0,-1,-1
2010-10-21,3,0,0,-1,-1
2010-10-22,7,0,0,-1,-1
2010-10-23,21,0,0,-1,-1
2010-10-24,20,0,0,-1,-1
2010-10-25,13,0,0,-1,-1
2010-10-26,12,0,0,-1,-1
2010-10-27,13,0,0,-1,-1
2010-10-28,18,0,0,-1,-1
2010-10-29,26,0,0,-1,-1
2010-10-30,29,0,0,-1,-1
2010-10-31,23,0,0,-1,-1
2010-11-01,16,0,0,-1,-1
2010-11-02,12,0,0,-1,-1
2010-11-03,15,0,0,-1,-1
2010-11-04,11,0,0,-1,-1
2010-11-05,13,0,0,-1,-1
2010-11-06,17,0,0,-1,-1
2010-11-07,13,0,0,-1,-1
2010-11-08,8,0,0,-1,-1
2010-11-09,7,0,0,-1,-1
2010-11-10,11,0,0,-1,-1
2010-11-11,11,0,0,-1,-1
2010-11-12,15,0,0,-1,-1
2010-11-13,16,0,0,-1,-1
2010-11-14,19,0,0,-1,-1
2010-11-15,21,0,0,-1,-1
2010-11-16,14,0,0,-1,-1
2010-11-17,11,0,0,-1,-1
2010-11-18,9,0,0,-1,-1
2010-11-19,25,0,0,-1,-1
2010-11-20,24,0,0,-1,-1
2010-11-21,22,0,0,-1,-1
2010-11-22,22,0,0,-1,-1
2010-11-23,16,0,0,-1,-1
2010-11-24,14,0,0,-1,-1
2010-11-25,18,0,0,-1,-1
2010-11-26,22,0,0,-1,-1
2010-11-27,26,0,0,-1,-1
2010-11-28,22,0,0,-1,-1
2010-11-29,22,0,0,-1,-1
2010-11-30,21,0,0,-1,-1
2010-12-01,23,0,0,-1,-1
2010-12-02,14,0,0,-1,-1
2010-12-03,18,0,0,-1,-1
2010-12-04,27,0,0,-1,-1
2010-12-05,16,0,0,-1,-1
2010-12-06,17,0,0,-1,-1
2010-12-07,12,0,0,-1,-1
2010-12-08,13,0,0,-1,-1
2010-12-09,12,0,0,-1,-1
2010-12-10,19,0,0,-1,-1
2010-12-11,14,0,0,-1,-1
2010-12-12,23,0,0,-1,-1
2010-12-13,16,0,0,-1,-1
2010-12-14,13,0,0,-1,-1
2010-12-15,21,0,0,-1,-1
2010-12-16,17,0,0,-1,-1
2010-12-17,21,0,0,-1,-1
2010-12-18,23,0,0,-1,-1
2010-12-19,27,0,0,-1,-1
2010-12-20,23,0,0,-1,-1
2010-12-21,22,0,0,-1,-1
2010-12-22,21,0,0,-1,-1
2010-12-23,18,0,0,-1,-1
2010-12-24,29,0,0,-1,-1
2010-12-25,28,0,0,-1,-1
2010-12-26,26,0,0,-1,-1
2010-12-27,26,0,0,-1,-1
2010-12-28,18,0,0,-1,-1
2010-12-29,23,0,0,-1,-1
2010-12-30,15,0,0,-1,-1
2010-12-31,0,0,1,-1,-1
2011-01-01,0,0,1,-1,-1
2011-01-02,0,0,1,-1,-1
2011-01-03,0,0,1,-1,-1
2011-01-04,16,0,0,0,0
2011-01-05,16,0,0,0,0
2011-01-06,13,0,0,0,0
2011-01-07,14,0,0,0,0
2011-01-08,16,0,0,0,0
2011-01-09,16,0,0,0,0
2011-01-10,14,0,0,0,0
2011-01-11,13,0,0,0,0
2011-01-12,5,0,0,0,0
2011-01-13,9,0,0,0,0
2011-01-14,14,0,0,0,0
2011-01-15,19,0,0,0,0
2011-01-16,22,0,0,0,0
2011-01-17,12,0,0,0,0
2011-01-18,11,0,0,0,0
2011-01-19,6,0,0,0,0
2011-01-20,7,0,0,0,0
2011-01-21,14,0,0,0,0
2011-01-22,17,0,0,1,0
2011-01-23,18,0,0,0,0
2011-01-24,12,0,0,0,0
2011-01-25,15,0,0,0,0
2011-01-26,13,0,0,0,0
2011-01-27,18,0,0,1,1
2011-01-28,16,0,0,1,1
2011-01-29,23,0,0,2,1
2011-01-30,28,0,0,2,1
2011-01-31,23,0,0,1,0
2011-02-01,22,0,0,1,1
2011-02-02,14,0,0,1,1
2011-02-03,12,0,0,0,0
2011-02-04,16,0,0,0,0
2011-02-05,24,0,0,1,1
2011-02-06,17,0,0,1,1
2011-02-07,15,0,0,0,0
2011-02-08,7,0,0,0,0
2011-02-09,9,0,0,0,0
2011-02-10,21,0,0,0,0
2011-02-11,29,0,0,2,1
2011-02-12,21,0,0,2,1
2011-02-13,25,0,0,1,1
2011-02-14,8,0,0,0,0
2011-02-15,13,0,0,0,0
2011-02-16,10,0,0,0,0
2011-02-17,17,0,0,0,0
2011-02-18,22,0,0,1,0
2011-02-19,25,0,0,2,2
2011-02-20,24,0,0,2,1
2011-02-21,26,0,0,0,0
2011-02-22,15,0,0,1,0
2011-02-23,21,0,0,1,0
2011-02-24,23,0,0,1,1
2011-02-25,29,0,0,2,1
2011-02-26,32,0,0,3,2
2011-02-27,33,0,0,2,2
2011-02-28,30,0,0,2,1
2011-03-01,28,0,0,1,1
2011-03-02,21,0,0,0,0
2011-03-03,20,0,0,0,0
2011-03-04,12,0,0,1,1
2011-03-05,27,0,0,2,1
2011-03-06,21,0,0,1,1
2011-03-07,22,0,0,0,0
2011-03-08,21,0,0,0,0
2011-03-09,15,0,0,0,0
2011-03-10,21,0,0,0,0
2011-03-11,17,0,0,0,0
2011-03-12,25,0,0,2,2
2011-03-13,17,0,0,2,1
2011-03-14,27,0,0,1,1
2011-03-15,31,0,0,1,1
2011-03-16,34,0,0,2,2
2011-03-17,34,0,0,2,2
2011-03-18,42,0,0,2,2
2011-03-19,40,0,0,3,3
2011-03-20,41,0,0,5,3
2011-03-21,39,0,0,3,2
2011-03-22,39,0,0,3,3
2011-03-23,37,0,0,5,4
2011-03-24,36,0,0,5,3
2011-03-25,35,0,0,4,5
2011-03-26,40,0,0,5,5
2011-03-27,35,0,0,5,4
2011-03-28,49,0,0,3,2
2011-03-29,37,0,0,3,2
2011-03-30,38,0,0,4,3
2011-03-31,34,0,0,4,4
2011-04-01,48,0,0,4,2
2011-04-02,29,0,0,5,4
2011-04-03,28,0,0,3,3
2011-04-04,23,0,0,2,1
2011-04-05,25,0,0,1,1
2011-04-06,31,0,0,0,0
2011-04-07,28,0,0,0,0
2011-04-08,37,0,0,0,0
2011-04-09,39,0,0,3,2
2011-04-10,29,0,0,2,1
2011-04-11,14,0,0,0,0
2011-04-12,13,0,0,0,0
2011-04-13,10,0,0,0,0
2011-04-14,16,0,0,0,0
2011-04-15,32,0,0,0,0
2011-04-16,25,0,0,2,2
2011-04-17,24,0,0,2,1
2011-04-18,16,0,0,0,0
2011-04-19,16,0,0,0,0
2011-04-20,11,0,0,0,0
2011-04-21,7,0,0,0,0
2011-04-22,25,0,0,1,1
2011-04-23,26,0,0,3,2
2011-04-24,24,0,0,2,1
2011-04-25,19,0,0,1,1
2011-04-26,29,0,0,1,1
2011-04-27,20,0,0,1,1
2011-04-28,23,0,0,1,1
2011-04-29,22,0,0,2,1
2011-04-30,21,0,0,3,3
2011-05-01,19,0,0,1,1
2011-05-02,21,0,0,1,0
2011-05-03,15,0,0,2,1
2011-05-04,18,0,0,1,0
2011-05-05,15,0,0,1,0
2011-05-06,18,0,0,0,0
2011-05-07,14,0,0,1,0
2011-05-08,6,0,0,0,0
2011-05-09,11,0,0,0,0
2011-05-10,7,0,0,0,0
2011-05-11,6,0,0,0,0
2011-05-12,11,0,0,0,0
2011-05-13,5,0,0,0,0
2011-05-14,21,0,0,1,1
2011-05-15,20,0,0,1,0
2011-05-16,17,0,0,0,0
2011-05-17,7,0,0,0,0
2011-05-18,11,0,0,0,0
2011-05-19,10,0,0,0,0
2011-05-20,16,0,0,1,0
2011-05-21,22,0,0,1,1
2011-05-22,21,0,0,1,1
2011-05-23,13,0,0,0,0
2011-05-24,10,0,0,0,0
2011-05-25,14,0,0,0,0
2011-05-26,18,0,0,0,0
2011-05-27,17,0,0,1,1
2011-05-28,31,0,0,2,1
2011-05-29,24,0,0,1,1
2011-05-30,24,0,0,1,0
2011-05-31,25,0,0,1,0
2011-06-01,14,0,0,1,0
2011-06-02,15,0,0,1,0
2011-06-03,13,0,0,1,0
2011-06-04,25,0,0,1,1
2011-06-05,23,0,0,1,0
2011-06-06,7,0,0,0,0
2011-06-07,4,0,0,0,0
2011-06-08,13,0,0,0,0
2011-06-09,14,0,0,0,0
2011-06-10,18,0,0,0,0
2011-06-11,20,0,0,1,1
2011-06-12,11,0,0,1,0
2011-06-13,8,0,0,0,0
2011-06-14,9,0,0,0,0
2011-06-15,11,0,0,0,0
2011-06-16,15,0,0,0,0
2011-06-17,13,0,0,0,0
2011-06-18,20,0,0,1,1
2011-06-19,16,0,0,1,1
2011-06-20,18,0,0,0,0
2011-06-21,11,0,0,0,0
2011-06-22,7,0,0,0,0
2011-06-23,12,0,0,0,0
2011-06-24,20,0,0,1,0
2011-06-25,23,0,0,2,1
2011-06-26,23,0,0,2,1
2011-06-27,18,0,0,1,0
2011-06-28,21,0,0,0,0
2011-06-29,25,0,0,1,0
2011-06-30,24,0,0,1,2
2011-07-01,16,0,0,-1,-1
2011-07-02,25,0,0,2,1
2011-07-03,17,0,0,1,1
2011-07-04,11,0,0,0,0
2011-07-05,8,0,0,0,0
2011-07-06,11,0,0,0,0
2011-07-07,10,0,0,0,0
2011-07-08,16,0,0,0,0
2011-07-09,19,0,0,1,1
2011-07-10,20,0,0,1,1
2011-07-11,17,0,0,0,0
2011-07-12,10,0,0,0,0
2011-07-13,9,0,0,0,0
2011-07-14,16,0,0,0,0
2011-07-15,19,0,0,0,0
2011-07-16,17,0,0,2,1
2011-07-17,23,0,0,2,1
2011-07-18,19,0,0,1,0
2011-07-19,13,0,0,0,0
2011-07-20,15,0,0,0,0
2011-07-21,14,0,0,0,0
2011-07-22,18,0,0,1,0
2011-07-23,22,0,0,1,1
2011-07-24,23,0,0,1,1
2011-07-25,14,0,0,1,0
2011-07-26,11,0,0,1,0
2011-07-27,14,0,0,1,0
2011-07-28,17,0,0,1,0
2011-07-29,24,0,0,1,1
2011-07-30,23,0,0,2,2
2011-07-31,31,0,0,2,1
2011-08-01,19,0,0,1,0
2011-08-02,10,0,0,0,0
2011-08-03,11,0,0,0,0
2011-08-04,12,0,0,0,0
2011-08-05,15,0,0,0,0
2011-08-06,22,0,0,1,1
2011-08-07,12,0,0,1,0
2011-08-08,15,0,0,0,0
2011-08-09,13,0,0,0,0
2011-08-10,15,0,0,0,0
2011-08-11,11,0,0,0,0
2011-08-12,16,0,0,0,0
2011-08-13,13,0,0,0,0
2011-08-14,0,0,0,0,0
2011-08-15,19,0,0,0,0
2011-08-16,17,0,0,0,0
2011-08-17,5,0,0,0,0
2011-08-18,11,0,0,0,0
2011-08-19,16,0,0,0,0
2011-08-20,16,0,0,1,1
2011-08-21,13,0,0,1,0
2011-08-22,13,0,0,0,0
2011-08-23,13,0,0,0,0
2011-08-24,8,0,0,0,0
2011-08-25,9,0,0,0,0
2011-08-26,22,0,0,0,0
2011-08-27,23,0,0,1,1
2011-08-28,25,0,0,1,1
2011-08-29,24,0,0,0,0
2011-08-30,21,0,0,0,0
2011-08-31,21,0,0,1,1
2011-09-01,14,0,0,1,1
2011-09-02,6,0,0,1,1
2011-09-03,14,0,0,2,1
2011-09-04,11,0,0,1,1
2011-09-05,9,0,0,0,0
2011-09-06,10,0,0,0,0
2011-09-07,6,0,0,0,0
2011-09-08,10,0,0,0,0
2011-09-09,7,0,0,0,0
2011-09-10,15,0,0,1,1
2011-09-11,13,0,0,1,0
2011-09-12,14,0,0,0,0
2011-09-13,16,0,0,0,0
2011-09-14,10,0,0,0,0
2011-09-15,11,0,0,0,0
2011-09-16,14,0,0,0,0
2011-09-17,21,0,0,2,1
2011-09-18,19,0,0,2,2
2011-09-19,18,0,0,1,1
2011-09-20,21,0,0,0,0
2011-09-21,12,0,0,0,0
2011-09-22,24,0,0,0,0
2011-09-23,36,0,0,1,1
2011-09-24,47,0,0,2,2
2011-09-25,26,0,0,2,2
2011-09-26,21,0,0,1,1
2011-09-27,19,0,0,1,1
2011-09-28,24,0,0,1,1
2011-09-29,26,0,0,1,1
2011-09-30,29,0,0,1,1
2011-10-01,26,0,0,2,1
2011-10-02,27,0,0,1,1
2011-10-03,20,0,0,1,-1
2011-10-04,14,0,0,0,0
2011-10-05,16,0,0,0,0
2011-10-06,15,0,0,0,0
2011-10-07,15,0,0,0,0
2011-10-08,21,0,0,2,1
2011-10-09,21,0,0,2,1
2011-10-10,17,0,0,1,0
2011-10-11,9,0,0,0,0
2011-10-12,10,0,0,0,0
2011-10-13,14,0,0,0,0
2011-10-14,14,0,0,0,0
2011-10-15,22,0,0,1,1
2011-10-16,24,0,0,1,0
2011-10-17,18,0,0,0,0
2011-10-18,13,0,0,0,0
2011-10-19,7,0,0,0,0
2011-10-20,13,0,0,0,0
2011-10-21,18,0,0,0,0
2011-10-22,17,0,0,1,1
2011-10-23,21,0,0,1,1
2011-10-24,14,0,0,0,0
2011-10-25,17,0,0,0,0
2011-10-26,23,0,0,0,0
2011-10-27,24,0,0,0,0
2011-10-28,25,0,0,1,1
2011-10-29,35,0,0,2,2
2011-10-30,22,0,0,2,1
2011-10-31,27,0,0,1,1
2011-11-01,21,0,0,1,1
2011-11-02,21,0,0,1,0
2011-11-03,22,0,0,2,1
2011-11-04,22,0,0,1,1
2011-11-05,28,0,0,1,0
2011-11-06,10,0,0,1,0
2011-11-07,14,0,0,0,0
2011-11-08,17,0,0,0,0
2011-11-09,11,0,0,0,0
2011-11-10,12,0,0,0,0
2011-11-11,25,0,0,0,0
2011-11-12,27,0,0,1,1
2011-11-13,21,0,0,0,0
2011-11-14,13,0,0,0,0
2011-11-15,11,0,0,0,0
2011-11-16,19,0,0,0,0
2011-11-17,11,0,0,0,0
2011-11-18,11,0,0,0,0
2011-11-19,15,0,0,1,1
2011-11-20,29,0,0,1,0
2011-11-21,18,0,0,0,0
2011-11-22,14,0,0,0,0
2011-11-23,12,0,0,0,0
2011-11-24,21,0,0,0,0
2011-11-25,30,0,0,1,1
2011-11-26,31,0,0,2,1
2011-11-27,32,0,0,1,1
2011-11-28,27,0,0,0,0
2011-11-29,20,0,0,0,0
2011-11-30,20,0,0,1,1
2011-12-01,15,0,0,1,1
2011-12-02,17,0,0,1,1
2011-12-03,32,0,0,2,1
2011-12-04,17,0,0,1,1
2011-12-05,11,0,0,0,0
2011-12-06,12,0,0,0,0
2011-12-07,13,0,0,0,0
2011-12-08,8,0,0,0,0
2011-12-09,14,0,0,0,0
2011-12-10,31,0,0,1,1
2011-12-11,22,0,0,1,1
2011-12-12,19,0,0,0,0
2011-12-13,14,0,0,0,0
2011-12-14,15,0,0,0,0
2011-12-15,17,0,0,0,0
2011-12-16,25,0,0,0,0
2011-12-17,35,0,0,1,1
2011-12-18,30,0,0,1,1
2011-12-19,30,0,0,1,0
2011-12-20,30,0,0,0,0
2011-12-21,28,0,0,0,0
2011-12-22,32,0,0,1,1
2011-12-23,36,0,0,2,1
2011-12-24,30,0,0,2,2
2011-12-25,22,0,0,1,1
2011-12-26,31,0,0,1,0
2011-12-27,30,0,0,1,0
2011-12-28,23,0,0,1,0
2011-12-29,26,0,0,1,0
2011-12-30,15,0,0,1,3
2011-12-31,0,0,1,-1,-1
2012-01-01,0,0,1,-1,-1
2012-01-02,0,0,1,-1,-1
2012-01-03,0,0,1,-1,-1
2012-01-04,12,0,0,0,0
2012-01-05,9,0,0,0,0
2012-01-06,8,0,0,0,0
2012-01-07,29,0,0,0,0
2012-01-08,23,0,0,0,0
2012-01-09,9,0,0,0,0
2012-01-10,10,0,0,0,0
2012-01-11,10,0,0,0,0
2012-01-12,7,0,0,0,0
2012-01-13,9,0,0,0,0
2012-01-14,24,0,0,0,1
2012-01-15,21,0,0,0,0
2012-01-16,18,0,0,0,0
2012-01-17,18,0,0,0,0
2012-01-18,17,0,0,0,0
2012-01-19,13,0,0,0,0
2012-01-20,18,0,0,0,0
2012-01-21,30,0,0,1,0
2012-01-22,28,0,0,1,0
2012-01-23,18,0,0,0,0
2012-01-24,17,0,0,0,0
2012-01-25,20,0,0,0,0
2012-01-26,16,0,0,0,0
2012-01-27,30,0,0,1,1
2012-01-28,32,0,0,2,1
2012-01-29,26,0,0,2,1
2012-01-30,33,0,0,1,0
2012-01-31,29,0,0,1,1
2012-02-01,27,0,0,1,1
2012-02-02,17,0,0,1,0
2012-02-03,19,0,0,0,0
2012-02-04,33,0,0,2,1
2012-02-05,19,0,0,1,1
2012-02-06,23,0,0,0,0
2012-02-07,18,0,0,0,0
2012-02-08,22,0,0,0,0
2012-02-09,14,0,0,0,0
2012-02-10,25,0,0,0,0
2012-02-11,36,0,0,1,1
2012-02-12,22,0,0,1,0
2012-02-13,23,0,0,0,0
2012-02-14,18,0,0,0,0
2012-02-15,23,0,0,0,0
2012-02-16,22,0,0,0,0
2012-02-17,25,0,0,0,0
2012-02-18,33,0,0,2,1
2012-02-19,31,0,0,1,1
2012-02-20,26,0,0,1,0
2012-02-21,24,0,0,0,0
2012-02-22,32,0,0,0,0
2012-02-23,29,0,0,1,0
2012-02-24,43,0,0,1,1
2012-02-25,49,0,0,3,2
2012-02-26,47,0,0,2,1
2012-02-27,41,0,0,1,1
2012-02-28,40,0,0,1,1
2012-02-29,39,0,0,2,1
2012-03-01,36,0,0,1,1
2012-03-02,45,0,0,1,1
2012-03-03,37,0,0,2,1
2012-03-04,30,0,0,1,1
2012-03-05,29,0,0,0,0
2012-03-06,30,0,0,0,0
2012-03-07,38,0,0,0,0
2012-03-08,32,0,0,0,0
2012-03-09,33,0,0,0,0
2012-03-10,30,0,0,2,1
2012-03-11,28,0,0,1,1
2012-03-12,31,0,0,0,0
2012-03-13,35,0,0,0,0
2012-03-14,30,0,0,1,0
2012-03-15,36,0,0,1,1
2012-03-16,50,0,0,2,2
2012-03-17,58,0,0,3,3
2012-03-18,45,0,0,3,2
2012-03-19,48,0,0,2,2
2012-03-20,51,0,0,3,2
2012-03-21,60,0,0,2,2
2012-03-22,49,0,0,3,2
2012-03-23,47,0,0,4,3
2012-03-24,55,0,0,5,4
2012-03-25,49,0,0,4,5
2012-03-26,69,0,0,3,2
2012-03-27,88,0,0,3,2
2012-03-28,66,0,0,2,2
2012-03-29,63,0,0,4,2
2012-03-30,69,0,0,4,4
2012-03-31,63,0,0,5,5
2012-04-01,36,0,0,5,4
2012-04-02,45,0,0,2,3
2012-04-03,36,0,0,2,1
2012-04-04,32,0,0,1,1
2012-04-05,43,0,0,1,0
2012-04-06,36,0,0,0,0
2012-04-07,39,0,0,4,3
2012-04-08,33,0,0,2,2
2012-04-09,33,0,0,0,0
2012-04-10,32,0,0,0,0
2012-04-11,20,0,0,0,0
2012-04-12,25,0,0,0,0
2012-04-13,34,0,0,0,0
2012-04-14,43,0,0,2,2
2012-04-15,40,0,0,1,2
2012-04-16,27,0,0,0,0
2012-04-17,21,0,0,0,0
2012-04-18,21,0,0,0,0
2012-04-19,21,0,0,0,0
2012-04-20,25,0,0,0,0
2012-04-21,29,0,0,2,2
2012-04-22,28,0,0,1,1
2012-04-23,32,0,0,1,0
2012-04-24,27,0,0,0,0
2012-04-25,35,0,0,0,0
2012-04-26,29,0,0,0,0
2012-04-27,32,0,0,1,1
2012-04-28,43,0,0,2,2
2012-04-29,54,0,0,3,2
2012-04-30,39,0,0,2,1
2012-05-01,31,0,0,0,0
2012-05-02,30,0,0,0,0
2012-05-03,27,0,0,1,1
2012-05-04,27,0,0,2,2
2012-05-05,16,0,0,1,0
2012-05-06,12,0,0,0,0
2012-05-07,21,0,0,0,0
2012-05-08,22,0,0,0,0
2012-05-09,19,0,0,0,0
2012-05-10,16,0,0,0,0
2012-05-11,19,0,0,0,0
2012-05-12,32,0,0,1,1
2012-05-13,26,0,0,1,0
2012-05-14,22,0,0,0,0
2012-05-15,21,0,0,0,0
2012-05-16,11,0,0,0,0
2012-05-17,14,0,0,0,0
2012-05-18,19,0,0,0,0
2012-05-19,33,0,0,1,1
2012-05-20,25,0,0,1,0
2012-05-21,15,0,0,0,0
2012-05-22,21,0,0,0,0
2012-05-23,19,0,0,0,0
2012-05-24,23,0,0,0,0
2012-05-25,32,0,0,1,0
2012-05-26,39,0,0,2,1
2012-05-27,32,0,0,1,1
2012-05-28,30,0,0,1,0
2012-05-29,33,0,0,0,0
2012-05-30,27,0,0,1,0
2012-05-31,35,0,0,1,1
2012-06-01,30,0,0,0,0
2012-06-02,36,0,0,1,1
2012-06-03,28,0,0,1,1
2012-06-04,22,0,0,0,0
2012-06-05,23,0,0,0,0
2012-06-06,13,0,0,0,0
2012-06-07,13,0,0,0,0
2012-06-08,12,0,0,0,0
2012-06-09,38,0,0,1,1
2012-06-10,17,0,0,1,0
2012-06-11,22,0,0,0,0
2012-06-12,12,0,0,0,0
2012-06-13,22,0,0,0,0
2012-06-14,20,0,0,0,0
2012-06-15,20,0,0,0,0
2012-06-16,42,0,0,1,1
2012-06-17,22,0,0,1,0
2012-06-18,23,0,0,0,0
2012-06-19,19,0,0,0,0
2012-06-20,21,0,0,0,0
2012-06-21,20,0,0,0,0
2012-06-22,32,0,0,0,0
2012-06-23,38,0,0,2,1
2012-06-24,34,0,0,1,1
2012-06-25,31,0,0,0,0
2012-06-26,33,0,0,1,0
2012-06-27,31,0,0,0,0
2012-06-28,42,0,0,1,0
2012-06-29,52,0,0,1,1
2012-06-30,55,0,0,2,2
2012-07-01,45,0,0,2,1
2012-07-02,31,0,0,1,1
2012-07-03,12,0,0,1,0
2012-07-04,19,0,0,0,0
2012-07-05,16,0,0,0,0
2012-07-06,23,0,0,0,0
2012-07-07,34,0,0,1,1
2012-07-08,20,0,0,1,1
2012-07-09,17,0,0,0,0
2012-07-10,9,0,0,0,0
2012-07-11,21,0,0,0,0
2012-07-12,21,0,0,0,0
2012-07-13,23,0,0,0,0
2012-07-14,38,0,0,2,1
2012-07-15,38,0,0,2,1
2012-07-16,25,0,0,1,0
2012-07-17,24,0,0,0,0
2012-07-18,11,0,0,0,0
2012-07-19,19,0,0,0,0
2012-07-20,24,0,0,0,0
2012-07-21,37,0,0,1,1
2012-07-22,23,0,0,1,1
2012-07-23,27,0,0,0,0
2012-07-24,31,0,0,1,0
2012-07-25,17,0,0,0,0
2012-07-26,22,0,0,0,0
2012-07-27,25,0,0,1,1
2012-07-28,48,0,0,3,2
2012-07-29,43,0,0,2,1
2012-07-30,31,0,0,1,1
2012-07-31,42,0,0,1,1
2012-08-01,41,0,0,0,0
2012-08-02,30,0,0,0,0
2012-08-03,29,0,0,0,0
2012-08-04,31,0,0,1,1
2012-08-05,34,0,0,1,1
2012-08-06,21,0,0,0,0
2012-08-07,21,0,0,0,0
2012-08-08,22,0,0,0,0
2012-08-09,12,0,0,0,0
2012-08-10,25,0,0,0,0
2012-08-11,29,0,0,1,1
2012-08-12,14,0,0,0,0
2012-08-13,29,0,0,0,0
2012-08-14,23,0,0,0,0
2012-08-15,19,0,0,0,0
2012-08-16,16,0,0,0,0
2012-08-17,29,0,0,0,0
2012-08-18,22,0,0,1,1
2012-08-19,23,0,0,1,0
2012-08-20,25,0,0,0,0
2012-08-21,19,0,0,0,0
2012-08-22,21,0,0,0,0
2012-08-23,26,0,0,0,0
2012-08-24,23,0,0,1,0
2012-08-25,31,0,0,2,1
2012-08-26,37,0,0,1,1
2012-08-27,36,0,0,0,0
2012-08-28,27,0,0,1,1
2012-08-29,30,0,0,0,0
2012-08-30,38,0,0,1,0
2012-08-31,28,0,0,1,1
2012-09-01,44,0,0,2,1
2012-09-02,40,0,0,1,1
2012-09-03,35,0,0,1,0
2012-09-04,13,0,0,0,0
2012-09-05,15,0,0,0,0
2012-09-06,19,0,0,0,0
2012-09-07,23,0,0,0,0
2012-09-08,18,0,0,1,1
2012-09-09,33,0,0,1,1
2012-09-10,28,0,0,0,0
2012-09-11,22,0,0,0,0
2012-09-12,26,0,0,0,0
2012-09-13,26,0,0,0,0
2012-09-14,25,0,0,0,0
2012-09-15,36,0,0,2,1
2012-09-16,45,0,0,2,2
2012-09-17,26,0,0,1,0
2012-09-18,34,0,0,1,0
2012-09-19,24,0,0,1,0
2012-09-20,28,0,0,1,0
2012-09-21,36,0,0,1,0
2012-09-22,49,0,0,2,1
2012-09-23,51,0,0,1,1
2012-09-24,69,0,0,1,0
2012-09-25,32,0,0,1,1
2012-09-26,45,0,0,0,0
2012-09-27,40,0,0,1,0
2012-09-28,49,0,0,1,1
2012-09-29,53,0,0,3,2
2012-09-30,52,0,0,2,2
2012-10-01,56,0,0,1,1
2012-10-02,33,0,0,1,0
2012-10-03,22,0,0,0,0
2012-10-04,26,0,0,0,0
2012-10-05,37,0,0,0,0
2012-10-06,35,0,0,2,1
2012-10-07,39,0,0,2,2
2012-10-08,29,0,0,1,0
2012-10-09,25,0,0,0,0
2012-10-10,19,0,0,0,0
2012-10-11,16,0,0,0,0
2012-10-12,28,0,0,0,0
2012-10-13,40,0,0,1,1
2012-10-14,35,0,0,1,0
2012-10-15,22,0,0,0,0
2012-10-16,14,0,0,0,0
2012-10-17,21,0,0,0,0
2012-10-18,16,0,0,0,0
2012-10-19,35,0,0,0,0
2012-10-20,46,0,0,1,1
2012-10-21,29,0,0,1,0
2012-10-22,27,0,0,0,0
2012-10-23,20,0,0,0,0
2012-10-24,33,0,0,0,0
2012-10-25,31,0,0,0,0
2012-10-26,38,0,0,1,0
2012-10-27,58,0,0,2,1
2012-10-28,50,0,0,1,1
2012-10-29,50,0,0,1,1
2012-10-30,51,0,0,0,0
2012-10-31,49,0,0,1,1
2012-11-01,34,0,0,0,0
2012-11-02,27,0,0,0,0
2012-11-03,43,0,0,2,1
2012-11-04,35,0,0,1,1
2012-11-05,25,0,0,0,0
2012-11-06,26,0,0,0,0
2012-11-07,21,0,0,0,0
2012-11-08,14,0,0,0,0
2012-11-09,27,0,0,0,0
2012-11-10,37,0,0,1,1
2012-11-11,26,0,0,0,0
2012-11-12,21,0,0,0,0
2012-11-13,22,0,0,0,0
2012-11-14,12,0,0,0,0
2012-11-15,33,0,0,0,0
2012-11-16,26,0,0,0,0
2012-11-17,38,0,0,1,1
2012-11-18,39,0,0,1,0
2012-11-19,25,0,0,0,0
2012-11-20,28,0,0,0,0
2012-11-21,38,0,0,0,0
2012-11-22,45,0,0,0,0
2012-11-23,49,0,0,2,1
2012-11-24,42,0,0,2,1
2012-11-25,46,0,0,1,1
2012-11-26,40,0,0,0,0
2012-11-27,32,0,0,1,0
2012-11-28,43,0,0,0,0
2012-11-29,44,0,0,0,0
2012-11-30,49,0,0,1,1
2012-12-01,45,0,0,2,1
2012-12-02,37,0,0,1,1
2012-12-03,40,0,0,0,0
2012-12-04,17,0,0,0,0
2012-12-05,26,0,0,0,0
2012-12-06,16,0,0,0,0
2012-12-07,19,0,0,0,0
2012-12-08,44,0,0,1,1
2012-12-09,35,0,0,1,0
2012-12-10,39,0,0,0,0
2012-12-11,22,0,0,0,0
2012-12-12,27,0,0,0,0
2012-12-13,34,0,0,0,0
2012-12-14,37,0,0,0,0
2012-12-15,50,0,0,1,1
2012-12-16,49,0,0,1,0
2012-12-17,43,0,0,0,0
2012-12-18,41,0,0,0,0
2012-12-19,39,0,0,0,0
2012-12-20,50,0,0,0,0
2012-12-21,45,0,0,0,0
2012-12-22,49,0,0,2,1
2012-12-23,46,0,0,2,3
2012-12-24,44,0,0,1,0
2012-12-25,43,0,0,1,1
2012-12-26,55,0,0,0,0
2012-12-27,48,0,0,1,0
2012-12-28,41,0,0,1,1
2012-12-29,33,0,0,2,2
2012-12-30,23,0,0,1,2
2012-12-31,0,0,1,-1,-1
2013-01-01,0,0,1,-1,-1
2013-01-02,0,0,1,-1,-1
2013-01-03,0,0,1,-1,-1
2013-01-04,38,0,0,0,0
2013-01-05,26,0,0,0,0
2013-01-06,24,0,0,0,0
2013-01-07,22,0,0,0,0
2013-01-08,12,0,0,0,0
2013-01-09,18,0,0,0,0
2013-01-10,19,0,0,0,0
2013-01-11,27,0,0,0,0
2013-01-12,39,0,0,1,0
2013-01-13,50,0,0,0,0
2013-01-14,16,0,0,0,0
2013-01-15,31,0,0,0,0
2013-01-16,33,0,0,0,0
2013-01-17,27,0,0,0,0
2013-01-18,26,0,0,0,0
2013-01-19,56,0,0,1,1
2013-01-20,43,0,0,1,0
2013-01-21,38,0,0,0,0
2013-01-22,21,0,0,0,0
2013-01-23,37,0,0,0,0
2013-01-24,29,0,0,0,0
2013-01-25,43,0,0,1,0
2013-01-26,56,0,0,2,1
2013-01-27,50,0,0,1,1
2013-01-28,42,0,0,1,0
2013-01-29,42,0,0,1,0
2013-01-30,45,0,0,1,0
2013-01-31,39,0,0,2,1
2013-02-01,48,0,0,1,1
2013-02-02,48,0,0,2,1
2013-02-03,41,0,0,1,1
2013-02-04,30,0,0,1,0
2013-02-05,29,0,0,1,0
2013-02-06,21,0,0,0,0
2013-02-07,25,0,0,0,0
2013-02-08,40,0,0,1,0
2013-02-09,36,0,0,2,1
2013-02-10,44,0,0,2,2
2013-02-11,38,0,0,0,0
2013-02-12,43,0,0,0,0
2013-02-13,39,0,0,0,0
2013-02-14,43,0,0,0,0
2013-02-15,46,0,0,0,0
2013-02-16,52,0,0,1,1
2013-02-17,47,0,0,1,0
2013-02-18,41,0,0,0,0
2013-02-19,36,0,0,0,0
2013-02-20,43,0,0,0,0
2013-02-21,37,0,0,0,0
2013-02-22,52,0,0,1,1
2013-02-23,56,0,0,3,2
2013-02-24,58,0,0,2,1
2013-02-25,66,0,0,1,1
2013-02-26,61,0,0,1,1
2013-02-27,60,0,0,1,1
2013-02-28,66,0,0,2,1
2013-03-01,55,0,0,1,1
2013-03-02,58,0,0,2,1
2013-03-03,46,0,0,1,1
2013-03-04,50,0,0,0,0
2013-03-05,43,0,0,0,0
2013-03-06,34,0,0,0,0
2013-03-07,40,0,0,0,0
2013-03-08,46,0,0,0,0
2013-03-09,45,0,0,1,1
2013-03-10,50,0,0,1,1
2013-03-11,50,0,0,0,0
2013-03-12,53,0,0,0,0
2013-03-13,49,0,0,0,0
2013-03-14,43,0,0,0,0
2013-03-15,73,0,0,2,1
2013-03-16,66,0,0,3,2
2013-03-17,59,0,0,2,2
2013-03-18,73,0,0,2,2
2013-03-19,68,0,0,2,2
2013-03-20,74,0,0,5,4
2013-03-21,71,0,0,5,4
2013-03-22,65,0,0,4,3
2013-03-23,60,0,0,5,4
2013-03-24,66,0,0,4,3
2013-03-25,76,0,0,3,3
2013-03-26,81,0,0,3,3
2013-03-27,74,0,0,4,3
2013-03-28,83,0,0,4,4
2013-03-29,71,0,0,4,4
2013-03-30,84,0,0,5,5
2013-03-31,69,0,0,5,4
2013-04-01,67,0,0,4,2
2013-04-02,55,0,0,2,1
2013-04-03,59,0,0,2,0
2013-04-04,42,0,0,1,0
2013-04-05,43,0,0,0,0
2013-04-06,60,0,0,3,2
2013-04-07,55,0,0,2,1
2013-04-08,41,0,0,0,0
2013-04-09,36,0,0,0,0
2013-04-10,41,0,0,0,0
2013-04-11,27,0,0,0,0
2013-04-12,43,0,0,0,0
2013-04-13,43,0,0,2,2
2013-04-14,49,0,0,2,1
2013-04-15,44,0,0,0,0
2013-04-16,29,0,0,0,0
2013-04-17,7,0,0,0,0
2013-04-18,29,0,0,0,0
2013-04-19,36,0,0,0,0
2013-04-20,46,0,0,2,1
2013-04-21,44,0,0,1,0
2013-04-22,33,0,0,0,0
2013-04-23,36,0,0,0,0
2013-04-24,37,0,0,0,0
2013-04-25,47,0,0,0,0
2013-04-26,42,0,0,1,1
2013-04-27,52,0,0,2,2
2013-04-28,66,0,0,2,1
2013-04-29,59,0,0,1,0
2013-04-30,56,0,0,2,1
2013-05-01,47,0,0,0,0
2013-05-02,27,0,0,0,0
2013-05-03,46,0,0,1,1
2013-05-04,27,0,0,2,1
2013-05-05,17,0,0,1,0
2013-05-06,24,0,0,0,0
2013-05-07,30,0,0,0,0
2013-05-08,24,0,0,0,0
2013-05-09,17,0,0,0,0
2013-05-10,26,0,0,0,0
2013-05-11,44,0,0,1,1
2013-05-12,38,0,0,0,0
2013-05-13,32,0,0,0,0
2013-05-14,22,0,0,0,0
2013-05-15,24,0,0,0,0
2013-05-16,29,0,0,0,0
2013-05-17,38,0,0,1,0
2013-05-18,47,0,0,1,1
2013-05-19,52,0,0,1,0
2013-05-20,37,0,0,0,0
2013-05-21,23,0,0,0,0
2013-05-22,22,0,0,0,0
2013-05-23,26,0,0,0,0
2013-05-24,30,0,0,1,1
2013-05-25,52,0,0,2,1
2013-05-26,42,0,0,1,1
2013-05-27,47,0,0,0,0
2013-05-28,32,0,0,0,0
2013-05-29,40,0,0,1,1
2013-05-30,42,0,0,1,0
2013-05-31,54,0,0,1,1
2013-06-01,57,0,0,2,1
2013-06-02,42,0,0,1,1
2013-06-03,31,0,0,0,0
2013-06-04,18,0,0,0,0
2013-06-05,18,0,0,0,0
2013-06-06,29,0,0,0,0
2013-06-07,21,0,0,0,0
2013-06-08,40,0,0,1,0
2013-06-09,32,0,0,0,0
2013-06-10,28,0,0,0,0
2013-06-11,16,0,0,0,0
2013-06-12,20,0,0,0,0
2013-06-13,29,0,0,0,0
2013-06-14,28,0,0,0,0
2013-06-15,53,0,0,1,1
2013-06-16,43,0,0,0,0
2013-06-17,36,0,0,0,0
2013-06-18,24,0,0,0,0
2013-06-19,20,0,0,0,0
2013-06-20,29,0,0,0,0
2013-06-21,35,0,0,1,1
2013-06-22,55,0,0,1,1
2013-06-23,56,0,0,1,1
2013-06-24,44,0,0,0,0
2013-06-25,48,0,0,0,0
2013-06-26,40,0,0,0,0
2013-06-27,53,0,0,1,1
2013-06-28,61,0,0,1,1
2013-06-29,84,0,0,2,2
2013-06-30,77,0,0,1,1
2013-07-01,37,0,0,1,1
2013-07-02,27,0,0,0,0
2013-07-03,38,0,0,0,0
2013-07-04,22,0,0,0,0
2013-07-05,27,0,0,0,0
2013-07-06,51,0,0,2,1
2013-07-07,41,0,0,1,1
2013-07-08,37,0,0,0,0
2013-07-09,20,0,0,0,0
2013-07-10,28,0,0,0,0
2013-07-11,19,0,0,0,0
2013-07-12,29,0,0,0,0
2013-07-13,50,0,0,2,1
2013-07-14,45,0,0,2,2
2013-07-15,45,0,0,1,0
2013-07-16,47,0,0,0,0
2013-07-17,24,0,0,0,0
2013-07-18,31,0,0,0,0
2013-07-19,42,0,0,1,0
2013-07-20,47,0,0,1,1
2013-07-21,40,0,0,1,0
2013-07-22,31,0,0,0,0
2013-07-23,32,0,0,0,0
2013-07-24,28,0,0,0,0
2013-07-25,48,0,0,1,0
2013-07-26,51,0,0,1,1
2013-07-27,53,0,0,2,2
2013-07-28,57,0,0,2,1
2013-07-29,53,0,0,0,0
2013-07-30,57,0,0,1,1
2013-07-31,52,0,0,2,1
2013-08-01,48,0,0,1,0
2013-08-02,45,0,0,0,0
2013-08-03,43,0,0,2,1
2013-08-04,39,0,0,1,0
2013-08-05,39,0,0,0,0
2013-08-06,30,0,0,0,0
2013-08-07,30,0,0,0,0
2013-08-08,27,0,0,0,0
2013-08-09,30,0,0,0,0
2013-08-10,43,0,0,1,1
2013-08-11,49,0,0,1,0
2013-08-12,0,0,1,-1,-1
2013-08-13,39,0,0,0,0
2013-08-14,30,0,0,0,0
2013-08-15,40,0,0,0,0
2013-08-16,39,0,0,0,0
2013-08-17,37,0,0,1,0
2013-08-18,32,0,0,0,0
2013-08-19,30,0,0,0,0
2013-08-20,32,0,0,0,0
2013-08-21,30,0,0,0,0
2013-08-22,37,0,0,0,0
2013-08-23,39,0,0,0,0
2013-08-24,61,0,0,1,1
2013-08-25,52,0,0,1,1
2013-08-26,44,0,0,0,0
2013-08-27,46,0,0,0,0
2013-08-28,49,0,0,0,0
2013-08-29,50,0,0,1,0
2013-08-30,57,0,0,1,0
2013-08-31,66,0,0,2,2
2013-09-01,54,0,0,2,0
2013-09-02,42,0,0,1,0
2013-09-03,36,0,0,0,0
2013-09-04,24,0,0,0,0
2013-09-05,25,0,0,0,0
2013-09-06,23,0,0,0,0
2013-09-07,38,0,0,1,1
2013-09-08,34,0,0,1,1
2013-09-09,38,0,0,0,0
2013-09-10,33,0,0,0,0
2013-09-11,21,0,0,0,0
2013-09-12,29,0,0,0,0
2013-09-13,31,0,0,0,0
2013-09-14,45,0,0,2,1
2013-09-15,47,0,0,2,1
2013-09-16,31,0,0,0,0
2013-09-17,34,0,0,0,0
2013-09-18,27,0,0,0,0
2013-09-19,33,0,0,0,0
2013-09-20,50,0,0,0,0
2013-09-21,60,0,0,2,1
2013-09-22,60,0,0,2,2
2013-09-23,46,0,0,1,1
2013-09-24,63,0,0,0,0
2013-09-25,53,0,0,0,0
2013-09-26,63,0,0,1,0
2013-09-27,61,0,0,1,0
2013-09-28,58,0,0,2,1
2013-09-29,65,0,0,1,1
2013-09-30,62,0,0,1,0
2013-10-01,50,0,0,1,0
2013-10-02,52,0,0,1,0
2013-10-03,36,0,0,0,0
2013-10-04,40,0,0,0,0
2013-10-05,45,0,0,1,1
2013-10-06,39,0,0,1,0
2013-10-07,35,0,0,0,0
2013-10-08,22,0,0,0,0
2013-10-09,28,0,0,0,0
2013-10-10,43,0,0,0,0
2013-10-11,38,0,0,0,0
2013-10-12,46,0,0,1,1
2013-10-13,52,0,0,2,2
2013-10-14,8,0,0,1,0
2013-10-15,32,0,0,0,0
2013-10-16,29,0,0,0,0
2013-10-17,31,0,0,0,0
2013-10-18,32,0,0,0,0
2013-10-19,43,0,0,2,1
2013-10-20,48,0,0,1,1
2013-10-21,28,0,0,0,0
2013-10-22,35,0,0,0,0
2013-10-23,36,0,0,0,0
2013-10-24,39,0,0,0,0
2013-10-25,49,0,0,1,0
2013-10-26,52,0,0,2,1
2013-10-27,51,0,0,1,1
2013-10-28,46,0,0,1,0
2013-10-29,42,0,0,1,0
2013-10-30,41,0,0,1,0
2013-10-31,44,0,0,1,1
2013-11-01,48,0,0,1,0
2013-11-02,44,0,0,2,1
2013-11-03,37,0,0,1,2
2013-11-04,33,0,0,0,0
2013-11-05,36,0,0,0,0
2013-11-06,26,0,0,0,0
2013-11-07,22,0,0,0,0
2013-11-08,29,0,0,0,0
2013-11-09,38,0,0,1,0
2013-11-10,34,0,0,0,0
2013-11-11,20,0,0,0,0
2013-11-12,20,0,0,0,0
2013-11-13,18,0,0,0,0
2013-11-14,30,0,0,0,0
2013-11-15,25,0,0,0,0
2013-11-16,52,0,0,1,1
2013-11-17,35,0,0,0,0
2013-11-18,26,0,0,0,0
2013-11-19,21,0,0,0,0
2013-11-20,33,0,0,0,0
2013-11-21,29,0,0,0,0
2013-11-22,41,0,0,0,0
2013-11-23,44,0,0,1,1
2013-11-24,39,0,0,1,1
2013-11-25,41,0,0,0,0
2013-11-26,40,0,0,0,0
2013-11-27,39,0,0,0,0
2013-11-28,39,0,0,1,1
2013-11-29,48,0,0,1,1
2013-11-30,47,0,0,2,2
2013-12-01,39,0,0,2,1
2013-12-02,38,0,0,1,0
2013-12-03,37,0,0,1,0
2013-12-04,23,0,0,0,0
2013-12-05,27,0,0,0,0
2013-12-06,31,0,0,0,0
2013-12-07,44,0,0,1,1
2013-12-08,45,0,0,1,0
2013-12-09,32,0,0,0,0
2013-12-10,26,0,0,0,0
2013-12-11,16,0,0,0,0
2013-12-12,21,0,0,0,0
2013-12-13,41,0,0,0,0
2013-12-14,46,0,0,1,1
2013-12-15,44,0,0,1,0
2013-12-16,48,0,0,0,0
2013-12-17,31,0,0,0,0
2013-12-18,39,0,0,0,0
2013-12-19,42,0,0,0,0
2013-12-20,55,0,0,1,0
2013-12-21,45,0,0,2,1
2013-12-22,50,0,0,1,1
2013-12-23,47,0,0,1,1
2013-12-24,42,0,0,0,0
2013-12-25,35,0,0,0,0
2013-12-26,43,0,0,1,0
2013-12-27,29,0,0,1,1
2013-12-28,37,0,0,2,2
2013-12-29,46,0,0,2,2
2013-12-30,25,0,0,1,2
2013-12-31,0,0,1,-1,-1
2014-01-01,0,0,1,-1,-1
2014-01-02,0,0,1,-1,-1
2014-01-03,0,0,1,-1,-1
2014-01-04,34,0,0,0,0
2014-01-05,27,0,0,0,0
2014-01-06,31,0,0,0,0
2014-01-07,16,0,0,0,0
2014-01-08,20,0,0,0,0
2014-01-09,15,0,0,0,0
2014-01-10,35,0,0,0,0
2014-01-11,42,0,0,0,0
2014-01-12,44,0,0,0,0
2014-01-13,17,0,0,0,0
2014-01-14,25,0,0,0,0
2014-01-15,30,0,0,0,0
2014-01-16,36,0,0,0,0
2014-01-17,32,0,0,0,0
2014-01-18,50,0,0,1,1
2014-01-19,40,0,0,0,0
2014-01-20,33,0,0,0,0
2014-01-21,28,0,0,0,0
2014-01-22,33,0,0,0,0
2014-01-23,24,0,0,0,0
2014-01-24,46,0,0,1,0
2014-01-25,48,0,0,2,1
2014-01-26,40,0,0,1,1
2014-01-27,37,0,0,0,0
2014-01-28,34,0,0,0,0
2014-01-29,34,0,0,0,0
2014-01-30,45,0,0,1,1
2014-01-31,48,0,0,1,1
2014-02-01,50,0,0,2,1
2014-02-02,44,0,0,1,0
2014-02-03,31,0,0,1,1
2014-02-04,38,0,0,0,0
2014-02-05,24,0,0,0,0
2014-02-06,33,0,0,0,0
2014-02-07,32,0,0,1,1
2014-02-08,32,0,0,1,1
2014-02-09,43,0,0,1,0
2014-02-10,52,0,0,0,0
2014-02-11,44,0,0,0,0
2014-02-12,40,0,0,0,0
2014-02-13,40,0,0,0,0
2014-02-14,31,0,0,1,0
2014-02-15,44,0,0,2,2
2014-02-16,49,0,0,2,1
2014-02-17,42,0,0,0,0
2014-02-18,40,0,0,0,0
2014-02-19,38,0,0,0,0
2014-02-20,37,0,0,0,0
2014-02-21,44,0,0,1,1
2014-02-22,50,0,0,3,2
2014-02-23,55,0,0,2,2
2014-02-24,53,0,0,1,1
2014-02-25,53,0,0,1,0
2014-02-26,51,0,0,1,0
2014-02-27,51,0,0,1,1
2014-02-28,56,0,0,2,2
2014-03-01,55,0,0,2,2
2014-03-02,48,0,0,1,1
2014-03-03,45,0,0,1,0
2014-03-04,43,0,0,1,1
2014-03-05,45,0,0,0,0
2014-03-06,46,0,0,0,0
2014-03-07,57,0,0,0,0
2014-03-08,42,0,0,2,1
2014-03-09,53,0,0,1,0
2014-03-10,42,0,0,0,0
2014-03-11,42,0,0,0,0
2014-03-12,53,0,0,0,0
2014-03-13,56,0,0,1,0
2014-03-14,43,0,0,1,1
2014-03-15,70,0,0,3,2
2014-03-16,84,0,0,3,2
2014-03-17,77,0,0,2,1
2014-03-18,75,0,0,2,1
2014-03-19,63,0,0,2,2
2014-03-20,81,0,0,2,2
2014-03-21,78,0,0,3,3
2014-03-22,69,0,0,5,4
2014-03-23,77,0,0,4,3
2014-03-24,81,0,0,3,3
2014-03-25,72,0,0,5,5
2014-03-26,88,0,0,5,5
2014-03-27,69,0,0,5,4
2014-03-28,62,0,0,4,4
2014-03-29,58,0,0,5,5
2014-03-30,46,0,0,5,5
2014-03-31,53,0,0,4,5
2014-04-01,44,0,0,4,4
2014-04-02,41,0,0,3,2
2014-04-03,57,0,0,1,1
2014-04-04,48,0,0,1,1
2014-04-05,56,0,0,5,4
2014-04-06,45,0,0,4,3
2014-04-07,48,0,0,1,1
2014-04-08,45,0,0,1,0
2014-04-09,41,0,0,0,0
2014-04-10,45,0,0,0,0
2014-04-11,45,0,0,1,1
2014-04-12,60,0,0,3,2
2014-04-13,56,0,0,2,1
2014-04-14,38,0,0,0,0
2014-04-15,32,0,0,0,0
2014-04-16,44,0,0,0,0
2014-04-17,23,0,0,0,0
2014-04-18,38,0,0,1,0
2014-04-19,52,0,0,2,2
2014-04-20,48,0,0,2,1
2014-04-21,45,0,0,0,0
2014-04-22,39,0,0,0,0
2014-04-23,32,0,0,0,0
2014-04-24,47,0,0,0,0
2014-04-25,47,0,0,1,1
2014-04-26,51,0,0,4,3
2014-04-27,58,0,0,2,2
2014-04-28,54,0,0,1,1
2014-04-29,56,0,0,2,1
2014-04-30,47,0,0,2,1
2014-05-01,47,0,0,1,0
2014-05-02,33,0,0,0,0
2014-05-03,34,0,0,2,1
2014-05-04,37,0,0,2,0
2014-05-05,39,0,0,1,0
2014-05-06,30,0,0,0,0
2014-05-07,28,0,0,0,0
2014-05-08,24,0,0,0,0
2014-05-09,27,0,0,0,0
2014-05-10,41,0,0,1,0
2014-05-11,28,0,0,0,0
2014-05-12,21,0,0,0,0
2014-05-13,18,0,0,0,0
2014-05-14,24,0,0,0,0
2014-05-15,28,0,0,0,0
2014-05-16,19,0,0,0,0
2014-05-17,43,0,0,1,1
2014-05-18,42,0,0,1,0
2014-05-19,27,0,0,0,0
2014-05-20,19,1,0,0,0
2014-05-21,32,0,0,0,0
2014-05-22,29,0,0,0,0
2014-05-23,30,0,0,1,0
2014-05-24,45,0,0,2,1
2014-05-25,35,0,0,1,1
2014-05-26,34,0,0,1,0
2014-05-27,36,0,0,1,0
2014-05-28,37,0,0,1,0
2014-05-29,45,0,0,1,1
2014-05-30,36,0,0,1,1
2014-05-31,49,0,0,2,2
2014-06-01,45,0,0,1,1
2014-06-02,35,0,0,0,0
2014-06-03,24,0,0,0,0
2014-06-04,24,0,0,0,0
2014-06-05,26,0,0,0,0
2014-06-06,34,0,0,0,0
2014-06-07,36,0,0,2,1
2014-06-08,32,0,0,1,0
2014-06-09,27,0,0,0,0
2014-06-10,26,0,0,0,0
2014-06-11,16,0,0,0,0
2014-06-12,16,0,0,0,0
2014-06-13,30,0,0,0,0
2014-06-14,45,1,0,1,1
2014-06-15,40,0,0,1,0
2014-06-16,35,0,0,0,0
2014-06-17,26,0,0,0,0
2014-06-18,22,0,0,0,0
2014-06-19,26,0,0,0,0
2014-06-20,35,0,0,0,0
2014-06-21,48,0,0,1,1
2014-06-22,46,0,0,2,1
2014-06-23,42,0,0,0,0
2014-06-24,34,0,0,0,0
2014-06-25,35,0,0,0,0
2014-06-26,33,0,0,0,0
2014-06-27,48,0,0,1,1
2014-06-28,56,0,0,2,2
2014-06-29,58,0,0,2,0
2014-06-30,52,0,0,1,1
2014-07-01,48,0,0,1,1
2014-07-02,39,0,0,1,0
2014-07-03,26,0,0,0,0
2014-07-04,38,0,0,0,0
2014-07-05,38,0,0,2,1
2014-07-06,46,0,0,1,1
2014-07-07,34,0,0,0,0
2014-07-08,34,0,0,0,0
2014-07-09,27,0,0,0,0
2014-07-10,30,1,0,0,0
2014-07-11,31,0,0,0,0
2014-07-12,46,0,0,2,0
2014-07-13,47,0,0,1,1
2014-07-14,34,0,0,0,0
2014-07-15,33,0,0,0,0
2014-07-16,34,0,0,0,0
2014-07-17,32,0,0,0,0
2014-07-18,31,0,0,1,0
2014-07-19,41,1,0,2,1
2014-07-20,46,0,0,2,1
2014-07-21,49,0,0,0,0
2014-07-22,39,0,0,0,0
2014-07-23,40,1,0,0,0
2014-07-24,44,0,0,0,0
2014-07-25,34,0,0,1,1
2014-07-26,44,0,0,3,2
2014-07-27,45,0,0,2,2
2014-07-28,45,0,0,1,1
2014-07-29,48,0,0,1,1
2014-07-30,43,0,0,1,1
2014-07-31,42,0,0,2,1
2014-08-01,42,0,0,1,1
2014-08-02,39,0,0,2,1
2014-08-03,43,0,0,1,1
2014-08-04,37,0,0,0,0
2014-08-05,35,0,0,0,0
2014-08-06,26,0,0,0,0
2014-08-07,31,0,0,0,0
2014-08-08,29,0,0,0,0
2014-08-09,44,0,0,1,1
2014-08-10,40,0,0,1,0
2014-08-11,37,0,0,0,0
2014-08-12,0,0,1,-1,-1
2014-08-13,42,0,0,0,0
2014-08-14,36,0,0,0,0
2014-08-15,33,0,0,0,0
2014-08-16,37,0,0,0,0
2014-08-17,36,0,0,0,0
2014-08-18,31,0,0,0,0
2014-08-19,33,0,0,0,0
2014-08-20,29,0,0,0,0
2014-08-21,27,0,0,0,0
2014-08-22,28,0,0,0,0
2014-08-23,43,0,0,1,1
2014-08-24,48,0,0,1,1
2014-08-25,38,0,0,0,0
2014-08-26,48,0,0,0,0
2014-08-27,41,0,0,0,0
2014-08-28,47,0,0,1,1
2014-08-29,53,0,0,1,1
2014-08-30,49,0,0,2,1
2014-08-31,57,0,0,1,1
2014-09-01,45,0,0,1,1
2014-09-02,24,0,0,0,0
2014-09-03,29,0,0,0,0
2014-09-04,27,0,0,0,0
2014-09-05,30,0,0,1,0
2014-09-06,37,0,0,1,1
2014-09-07,36,0,0,1,1
2014-09-08,24,0,0,0,0
2014-09-09,26,0,0,0,0
2014-09-10,36,0,0,0,0
2014-09-11,38,0,0,0,0
2014-09-12,34,0,0,0,0
2014-09-13,39,0,0,2,1
2014-09-14,42,0,0,2,2
2014-09-15,35,0,0,1,0
2014-09-16,38,0,0,0,0
2014-09-17,29,0,0,0,0
2014-09-18,34,0,0,0,0
2014-09-19,33,1,0,0,0
2014-09-20,50,0,0,2,1
2014-09-21,51,0,0,2,2
2014-09-22,47,0,0,1,1
2014-09-23,49,0,0,1,0
2014-09-24,51,0,0,0,0
2014-09-25,48,0,0,0,0
2014-09-26,44,0,0,1,1
2014-09-27,54,0,0,3,2
2014-09-28,57,0,0,2,2
2014-09-29,48,0,0,1,1
2014-09-30,56,1,0,1,1
2014-10-01,41,0,0,1,0
2014-10-02,36,0,0,1,0
2014-10-03,40,0,0,0,0
2014-10-04,57,0,0,2,1
2014-10-05,43,0,0,1,0
2014-10-06,29,0,0,0,0
2014-10-07,29,0,0,0,0
2014-10-08,37,0,0,0,0
2014-10-09,28,0,0,0,0
2014-10-10,39,0,0,0,0
2014-10-11,47,0,0,2,1
2014-10-12,44,1,0,2,2
2014-10-13,28,1,0,0,0
2014-10-14,37,0,0,0,0
2014-10-15,38,0,0,0,0
2014-10-16,36,0,0,0,0
2014-10-17,35,0,0,0,0
2014-10-18,49,0,0,1,1
2014-10-19,41,0,0,1,0
2014-10-20,41,0,0,1,0
2014-10-21,25,0,0,0,0
2014-10-22,33,0,0,0,0
2014-10-23,38,0,0,0,0
2014-10-24,38,0,0,1,0
2014-10-25,41,0,0,2,1
2014-10-26,53,0,0,2,1
2014-10-27,43,0,0,1,1
2014-10-28,35,0,0,1,1
2014-10-29,42,0,0,1,1
2014-10-30,47,0,0,1,1
2014-10-31,53,0,0,2,1
2014-11-01,58,0,0,2,1
2014-11-02,50,0,0,1,1
2014-11-03,41,0,0,0,0
2014-11-04,36,0,0,0,0
2014-11-05,26,0,0,0,0
2014-11-06,24,0,0,0,0
2014-11-07,33,0,0,0,0
2014-11-08,31,0,0,1,1
2014-11-09,25,0,0,0,0
2014-11-10,27,0,0,0,0
2014-11-11,22,0,0,0,0
2014-11-12,17,0,0,0,0
2014-11-13,20,0,0,0,0
2014-11-14,31,0,0,0,0
2014-11-15,45,0,0,1,1
2014-11-16,33,0,0,0,0
2014-11-17,35,0,0,0,0
2014-11-18,34,0,0,0,0
2014-11-19,40,0,0,0,0
2014-11-20,43,0,0,0,0
2014-11-21,45,0,0,0,0
2014-11-22,46,0,0,2,1
2014-11-23,39,0,0,2,2
2014-11-24,38,0,0,1,0
2014-11-25,44,0,0,0,0
2014-11-26,44,0,0,0,0
2014-11-27,47,0,0,1,0
2014-11-28,53,1,0,1,1
2014-11-29,50,1,0,2,2
2014-11-30,59,1,0,2,1
2014-12-01,34,1,0,1,1
2014-12-02,36,1,0,2,0
2014-12-03,36,1,0,0,0
2014-12-04,32,1,0,0,0
2014-12-05,31,1,0,1,1
2014-12-06,39,1,0,2,1
2014-12-07,39,1,0,1,0
2014-12-08,34,1,0,0,0
2014-12-09,22,1,0,0,0
2014-12-10,29,1,0,0,0
2014-12-11,25,1,0,0,0
2014-12-12,35,1,0,1,0
2014-12-13,39,1,0,1,1
2014-12-14,35,1,0,1,0
2014-12-15,28,1,0,0,0
2014-12-16,40,1,0,0,0
2014-12-17,41,1,0,0,0
2014-12-18,35,1,0,0,0
2014-12-19,37,0,0,1,0
2014-12-20,39,1,0,2,1
2014-12-21,49,1,0,2,2
2014-12-22,43,1,0,1,1
2014-12-23,46,0,0,1,0
2014-12-24,45,1,0,0,0
2014-12-25,52,1,0,0,0
2014-12-26,41,1,0,1,0
2014-12-27,37,1,0,3,2
2014-12-28,38,1,0,2,2
2014-12-29,42,0,0,1,1
2014-12-30,17,0,0,1,2
2014-12-31,0,0,1,-1,-1
2015-01-01,0,0,1,-1,-1
2015-01-02,0,0,1,-1,-1
2015-01-03,0,0,1,-1,-1
2015-01-04,36,0,0,0,0
2015-01-05,20,0,0,0,0
2015-01-06,20,0,0,0,0
2015-01-07,19,0,0,0,0
2015-01-08,24,1,0,0,0
2015-01-09,30,0,0,0,0
2015-01-10,46,1,0,0,0
2015-01-11,39,1,0,0,0
2015-01-12,30,0,0,0,0
2015-01-13,29,0,0,0,0
2015-01-14,29,1,0,0,0
2015-01-15,30,1,0,0,0
2015-01-16,33,0,0,0,0
2015-01-17,41,0,0,1,0
2015-01-18,35,0,0,0,0
2015-01-19,32,0,0,0,0
2015-01-20,29,0,0,0,0
2015-01-21,25,0,0,0,0
2015-01-22,30,1,0,0,0
2015-01-23,31,0,0,1,0
2015-01-24,56,0,0,1,1
2015-01-25,48,0,0,1,1
2015-01-26,36,0,0,0,0
2015-01-27,37,0,0,0,0
2015-01-28,44,0,0,0,0
2015-01-29,37,0,0,1,0
2015-01-30,50,0,0,1,1
2015-01-31,63,1,0,2,1
2015-02-01,49,0,0,2,1
2015-02-02,39,0,0,1,0
2015-02-03,33,0,0,0,0
2015-02-04,33,0,0,0,0
2015-02-05,22,0,0,0,0
2015-02-06,31,1,0,1,0
2015-02-07,40,0,0,2,1
2015-02-08,44,0,0,1,1
2015-02-09,39,0,0,0,0
2015-02-10,43,0,0,0,0
2015-02-11,36,0,0,0,0
2015-02-12,35,0,0,0,0
2015-02-13,31,0,0,0,0
2015-02-14,53,0,0,1,1
2015-02-15,47,0,0,1,0
2015-02-16,45,0,0,0,0
2015-02-17,35,0,0,0,0
2015-02-18,50,1,0,0,0
2015-02-19,35,0,0,0,0
2015-02-20,45,0,0,1,0
2015-02-21,64,0,0,2,2
2015-02-22,53,0,0,2,1
2015-02-23,60,1,0,1,1
2015-02-24,48,0,0,0,0
2015-02-25,53,0,0,1,0
2015-02-26,57,0,0,1,1
2015-02-27,72,1,0,1,1
2015-02-28,86,0,0,3,2
2015-03-01,61,0,0,2,1
2015-03-02,42,0,0,1,1
2015-03-03,51,0,0,1,0
2015-03-04,46,0,0,1,0
2015-03-05,47,0,0,1,0
2015-03-06,53,0,0,1,1
2015-03-07,41,1,0,2,1
2015-03-08,48,0,0,1,1
2015-03-09,46,0,0,0,0
2015-03-10,49,0,0,0,0
2015-03-11,54,0,0,0,0
2015-03-12,56,0,0,1,1
2015-03-13,53,0,0,1,1
2015-03-14,72,1,0,2,2
2015-03-15,68,1,0,2,2
2015-03-16,91,0,0,2,2
2015-03-17,93,0,0,1,1
2015-03-18,84,0,0,1,1
2015-03-19,97,0,0,1,1
2015-03-20,88,0,0,1,1
2015-03-21,83,1,0,3,3
2015-03-22,84,0,0,3,2
2015-03-23,88,0,0,4,2
2015-03-24,109,0,0,5,2
2015-03-25,78,0,0,5,4
2015-03-26,85,0,0,4,4
2015-03-27,95,0,0,4,4
2015-03-28,88,1,0,5,5
2015-03-29,96,0,0,5,4
2015-03-30,87,1,0,4,3
2015-03-31,75,1,0,4,3
2015-04-01,61,1,0,3,3
2015-04-02,60,1,0,2,2
2015-04-03,75,1,0,2,1
2015-04-04,86,1,0,4,3
2015-04-05,69,1,0,2,2
2015-04-06,61,1,0,1,1
2015-04-07,54,1,0,1,1
2015-04-08,55,0,0,0,0
2015-04-09,57,1,0,0,0
2015-04-10,68,1,0,1,1
2015-04-11,69,1,0,3,3
2015-04-12,59,1,0,2,1
2015-04-13,49,1,0,0,0
2015-04-14,34,0,0,0,0
2015-04-15,47,1,0,0,0
2015-04-16,32,1,0,0,0
2015-04-17,41,1,0,1,1
2015-04-18,52,1,0,2,2
2015-04-19,50,1,0,2,0
2015-04-20,34,0,0,0,0
2015-04-21,39,0,0,0,0
2015-04-22,55,0,0,0,0
2015-04-23,39,0,0,0,0
2015-04-24,45,1,0,2,1
2015-04-25,56,1,0,4,3
2015-04-26,54,0,0,3,2
2015-04-27,58,0,0,1,1
2015-04-28,57,0,0,1,0
2015-04-29,65,0,0,2,1
2015-04-30,61,1,0,2,1
2015-05-01,56,0,0,1,0
2015-05-02,44,0,0,2,1
2015-05-03,60,1,0,1,1
2015-05-04,57,0,0,1,0
2015-05-05,49,0,0,0,0
2015-05-06,41,0,0,0,0
2015-05-07,41,0,0,0,0
2015-05-08,28,0,0,0,0
2015-05-09,35,0,0,1,1
2015-05-10,34,0,0,1,0
2015-05-11,27,0,0,0,0
2015-05-12,34,0,0,0,0
2015-05-13,24,0,0,0,0
2015-05-14,28,0,0,0,0
2015-05-15,41,0,0,0,0
2015-05-16,42,0,0,1,0
2015-05-17,37,0,0,1,0
2015-05-18,38,0,0,0,0
2015-05-19,30,0,0,0,0
2015-05-20,33,0,0,0,0
2015-05-21,31,0,0,0,0
2015-05-22,46,0,0,1,0
2015-05-23,46,0,0,1,1
2015-05-24,37,0,0,1,1
2015-05-25,49,0,0,1,1
2015-05-26,44,0,0,0,0
2015-05-27,39,0,0,0,0
2015-05-28,52,0,0,1,0
2015-05-29,58,0,0,1,1
2015-05-30,56,0,0,2,2
2015-05-31,57,0,0,2,1
2015-06-01,33,0,0,1,1
2015-06-02,31,0,0,0,0
2015-06-03,24,0,0,0,0
2015-06-04,32,0,0,0,0
2015-06-05,25,0,0,1,0
2015-06-06,46,0,0,2,1
2015-06-07,39,0,0,1,0
2015-06-08,30,0,0,0,0
2015-06-09,24,0,0,0,0
2015-06-10,15,0,0,0,0
2015-06-11,32,0,0,0,0
2015-06-12,28,0,0,0,0
2015-06-13,45,0,0,1,1
2015-06-14,51,1,0,1,0
2015-06-15,30,0,0,0,0
2015-06-16,27,0,0,0,0
2015-06-17,27,0,0,0,0
2015-06-18,21,0,0,0,0
2015-06-19,37,0,0,0,0
2015-06-20,60,0,0,1,1
2015-06-21,49,0,0,1,1
2015-06-22,48,0,0,1,0
2015-06-23,47,0,0,0,0
2015-06-24,43,0,0,0,0
2015-06-25,53,0,0,1,0
2015-06-26,52,0,0,1,1
2015-06-27,68,0,0,2,2
2015-06-28,66,0,0,2,1
2015-06-29,60,0,0,1,1
2015-06-30,64,0,0,1,1
2015-07-01,38,0,0,1,1
2015-07-02,31,0,0,0,0
2015-07-03,34,0,0,1,0
2015-07-04,53,0,0,2,1
2015-07-05,45,0,0,1,0
2015-07-06,37,0,0,0,0
2015-07-07,24,0,0,0,0
2015-07-08,36,0,0,0,0
2015-07-09,30,0,0,0,0
2015-07-10,36,0,0,1,0
2015-07-11,49,0,0,1,1
2015-07-12,44,0,0,1,0
2015-07-13,35,0,0,0,0
2015-07-14,38,0,0,0,0
2015-07-15,33,0,0,0,0
2015-07-16,27,0,0,0,0
2015-07-17,46,0,0,1,0
2015-07-18,58,1,0,2,1
2015-07-19,58,0,0,2,1
2015-07-20,41,0,0,0,0
2015-07-21,35,0,0,1,0
2015-07-22,34,0,0,0,0
2015-07-23,36,0,0,0,0
2015-07-24,33,0,0,1,1
2015-07-25,51,0,0,3,2
2015-07-26,41,0,0,2,2
2015-07-27,34,1,0,1,1
2015-07-28,39,1,0,1,0
2015-07-29,42,0,0,1,0
2015-07-30,50,1,0,1,1
2015-07-31,58,0,0,2,1
2015-08-01,59,0,0,2,1
2015-08-02,49,0,0,1,1
2015-08-03,54,0,0,0,0
2015-08-04,44,0,0,0,0
2015-08-05,34,0,0,0,0
2015-08-06,21,0,0,0,0
2015-08-07,30,0,0,0,0
2015-08-08,39,0,0,1,1
2015-08-09,31,0,0,0,0
2015-08-10,41,0,0,0,0
2015-08-11,41,0,0,0,0
2015-08-12,0,0,1,-1,-1
2015-08-13,41,0,0,0,0
2015-08-14,44,0,0,0,0
2015-08-15,30,0,0,0,0
2015-08-16,22,0,0,0,0
2015-08-17,39,0,0,0,0
2015-08-18,29,0,0,0,0
2015-08-19,27,0,0,0,0
2015-08-20,43,0,0,0,0
2015-08-21,41,0,0,0,0
2015-08-22,39,0,0,1,1
2015-08-23,30,0,0,1,0
2015-08-24,49,0,0,1,0
2015-08-25,39,0,0,0,0
2015-08-26,44,0,0,0,0
2015-08-27,57,0,0,0,0
2015-08-28,60,0,0,1,0
2015-08-29,70,1,0,2,1
2015-08-30,66,0,0,2,1
2015-08-31,67,1,0,1,1
2015-09-01,34,1,0,1,1
2015-09-02,29,0,0,0,0
2015-09-03,41,0,0,0,0
2015-09-04,31,0,0,1,0
2015-09-05,37,0,0,2,1
2015-09-06,46,0,0,1,0
2015-09-07,31,0,0,0,0
2015-09-08,16,0,0,0,0
2015-09-09,19,0,0,0,0
2015-09-10,25,0,0,0,0
2015-09-11,26,0,0,0,0
2015-09-12,39,0,0,1,1
2015-09-13,35,0,0,0,0
2015-09-14,48,0,0,0,0
2015-09-15,48,0,0,0,0
2015-09-16,57,0,0,0,0
2015-09-17,31,0,0,0,0
2015-09-18,45,0,0,0,0
2015-09-19,47,0,0,1,1
2015-09-20,67,0,0,2,1
2015-09-21,61,0,0,1,0
2015-09-22,51,0,0,1,1
2015-09-23,56,0,0,0,1
2015-09-24,45,1,0,0,0
2015-09-25,54,1,0,1,1
2015-09-26,51,1,0,2,2
2015-09-27,53,1,0,2,2
2015-09-28,53,1,0,1,1
2015-09-29,56,1,0,1,0
2015-09-30,53,1,0,1,1
2015-10-01,48,1,0,1,0
2015-10-02,54,1,0,0,0
2015-10-03,44,1,0,1,1
2015-10-04,57,1,0,1,1
2015-10-05,43,1,0,0,0
2015-10-06,31,1,0,0,0
2015-10-07,30,1,0,0,0
2015-10-08,38,1,0,0,0
2015-10-09,43,1,0,1,0
2015-10-10,50,1,0,2,1
2015-10-11,42,1,0,2,1
2015-10-12,41,1,0,0,0
2015-10-13,33,1,0,0,0
2015-10-14,41,1,0,0,0
2015-10-15,42,1,0,0,0
2015-10-16,37,1,0,0,0
2015-10-17,46,1,0,1,1
2015-10-18,40,1,0,1,0
2015-10-19,34,1,0,0,0
2015-10-20,29,1,0,0,0
2015-10-21,28,1,0,0,0
2015-10-22,42,1,0,0,0
2015-10-23,32,1,0,1,0
2015-10-24,56,1,0,2,1
2015-10-25,50,1,0,1,1
2015-10-26,45,1,0,2,0
2015-10-27,35,1,0,1,1
2015-10-28,48,0,0,0,0
2015-10-29,52,1,0,1,1
2015-10-30,53,1,0,1,1
2015-10-31,75,1,0,2,2
2015-11-01,48,1,0,2,2
2015-11-02,53,1,0,1,1
2015-11-03,32,0,0,1,0
2015-11-04,20,0,0,0,0
2015-11-05,25,0,0,0,0
2015-11-06,22,1,0,0,0
2015-11-07,38,1,0,1,1
2015-11-08,32,0,0,1,0
2015-11-09,25,0,0,0,0
2015-11-10,21,0,0,0,0
2015-11-11,29,0,0,0,0
2015-11-12,23,1,0,0,0
2015-11-13,37,0,0,1,0
2015-11-14,47,0,0,1,1
2015-11-15,13,1,0,0,0
2015-11-16,37,0,0,0,0
2015-11-17,20,0,0,0,0
2015-11-18,27,0,0,0,0
2015-11-19,34,0,0,0,0
2015-11-20,42,1,0,0,0
2015-11-21,67,0,0,1,0
2015-11-22,57,0,0,0,0
2015-11-23,41,0,0,0,0
2015-11-24,37,0,0,0,0
2015-11-25,40,0,0,1,0
2015-11-26,32,0,0,0,0
2015-11-27,44,0,0,1,0
2015-11-28,60,0,0,2,1
2015-11-29,45,0,0,1,1
2015-11-30,54,0,0,1,0
2015-12-01,41,1,0,1,1
2015-12-02,29,1,0,0,0
2015-12-03,25,1,0,0,0
2015-12-04,33,1,0,0,0
2015-12-05,49,1,0,1,1
2015-12-06,48,1,0,1,0
2015-12-07,34,1,0,0,0
2015-12-08,29,1,0,0,0
2015-12-09,33,1,0,0,0
2015-12-10,39,1,0,0,0
2015-12-11,47,1,0,0,0
2015-12-12,62,1,0,1,1
2015-12-13,52,1,0,0,0
2015-12-14,47,1,0,0,0
2015-12-15,43,1,0,0,0
2015-12-16,39,1,0,0,0
2015-12-17,37,1,0,0,0
2015-12-18,54,1,0,1,0
2015-12-19,63,1,0,1,1
2015-12-20,58,1,0,1,1
2015-12-21,65,1,0,0,0
2015-12-22,61,1,0,0,0
2015-12-23,71,1,0,0,0
2015-12-24,49,1,0,0,0
2015-12-25,50,1,0,1,1
2015-12-26,64,1,0,2,2
2015-12-27,70,1,0,1,1
2015-12-28,59,1,0,0,0
2015-12-29,37,1,0,1,0
2015-12-30,30,0,0,0,0
2015-12-31,0,0,1,-1,-1
2016-01-01,0,0,1,-1,-1
2016-01-02,0,0,1,-1,-1
2016-01-03,0,0,1,-1,-1
2016-01-04,24,0,0,0,0
2016-01-05,17,0,0,0,0
2016-01-06,15,0,0,0,0
2016-01-07,22,1,0,0,0
2016-01-08,34,0,0,0,0
2016-01-09,50,0,0,0,0
2016-01-10,52,1,0,0,0
2016-01-11,26,0,0,0,0
2016-01-12,32,0,0,0,0
2016-01-13,32,0,0,0,0
2016-01-14,22,0,0,0,0
2016-01-15,34,1,0,0,0
2016-01-16,47,1,0,1,0
2016-01-17,51,0,0,0,0
2016-01-18,20,0,0,0,0
2016-01-19,24,0,0,0,0
2016-01-20,36,0,0,0,0
2016-01-21,31,1,0,0,0
2016-01-22,43,0,0,0,0
2016-01-23,58,1,0,1,1
2016-01-24,42,0,0,0,0
2016-01-25,46,0,0,0,0
2016-01-26,42,1,0,0,0
2016-01-27,41,0,0,0,0
2016-01-28,53,1,0,0,0
2016-01-29,68,1,0,0,0
2016-01-30,78,1,0,2,1
2016-01-31,79,1,0,1,1
2016-02-01,50,1,0,1,1
2016-02-02,31,1,0,0,0
2016-02-03,40,1,0,0,0
2016-02-04,29,1,0,0,0
2016-02-05,39,1,0,0,0
2016-02-06,48,1,0,2,2
2016-02-07,58,1,0,1,0
2016-02-08,43,1,0,0,0
2016-02-09,31,0,0,0,0
2016-02-10,48,0,0,0,0
2016-02-11,42,1,0,1,0
2016-02-12,55,0,0,1,0
2016-02-13,53,0,0,2,1
2016-02-14,51,1,0,1,0
2016-02-15,45,0,0,0,0
2016-02-16,33,0,0,0,0
2016-02-17,26,0,0,0,0
2016-02-18,47,0,0,0,0
2016-02-19,37,0,0,1,1
2016-02-20,66,1,0,2,2
2016-02-21,63,1,0,1,2
2016-02-22,61,0,0,1,0
2016-02-23,63,0,0,1,0
2016-02-24,62,0,0,1,1
2016-02-25,63,1,0,1,0
2016-02-26,71,0,0,2,1
2016-02-27,83,1,0,3,2
2016-02-28,68,0,0,2,2
2016-02-29,77,1,0,2,1
2016-03-01,63,1,0,2,1
2016-03-02,59,1,0,1,1
2016-03-03,53,1,0,0,0
2016-03-04,62,1,0,1,0
2016-03-05,67,1,0,2,1
2016-03-06,59,1,0,1,1
2016-03-07,53,1,0,1,1
2016-03-08,46,0,0,1,0
2016-03-09,56,1,0,0,0
2016-03-10,60,1,0,0,0
2016-03-11,66,0,0,1,0
2016-03-12,84,1,0,2,2
2016-03-13,77,0,0,1,1
2016-03-14,69,1,0,1,1
2016-03-15,81,0,0,2,1
2016-03-16,78,0,0,1,2
2016-03-17,87,0,0,2,3
2016-03-18,102,0,0,2,3
2016-03-19,94,1,0,3,3
2016-03-20,101,0,0,4,4
2016-03-21,100,1,0,3,3
2016-03-22,96,0,0,4,4
2016-03-23,96,1,0,2,4
2016-03-24,94,1,0,3,2
2016-03-25,90,1,0,4,5
2016-03-26,93,1,0,5,5
2016-03-27,94,1,0,5,4
2016-03-28,86,1,0,4,4
2016-03-29,98,1,0,4,4
2016-03-30,99,1,0,5,4
2016-03-31,105,1,0,5,4
